{
    "timestamp": "20250425_104250",
    "symbols": [
        "BTCUSDT",
        "ETHUSDT",
        "BNBUSDT"
    ],
    "feature_set": "advanced",
    "n_selected_features": 60,
    "ensemble_metrics": {
        "accuracy": 0.47265625,
        "precision": 0.5328947368421053,
        "recall": 0.5586206896551724,
        "f1": 0.5454545454545454,
        "roc_auc": 0.479838459148804
    },
    "individual_metrics": {
        "xgboost": {
            "accuracy": 0.4609375,
            "precision": 0.5202312138728323,
            "recall": 0.6206896551724138,
            "f1": 0.5660377358490566,
            "roc_auc": 0.43361292326809575
        },
        "lightgbm": {
            "accuracy": 0.4140625,
            "precision": 0.48427672955974843,
            "recall": 0.5310344827586206,
            "f1": 0.506578947368421,
            "roc_auc": 0.40745573159366266
        },
        "random_forest": {
            "accuracy": 0.47265625,
            "precision": 0.5328947368421053,
            "recall": 0.5586206896551724,
            "f1": 0.5454545454545454,
            "roc_auc": 0.479838459148804
        }
    }
}